text,prediction,label
"six chances to win cash from 100 to 20000 pounds txt csh11 and send to 87575 cost 150pday 6days 16 tsandcs apply reply hl 4 info
",False,1
"07732584351  rodger burns  msg  we tried to call you re your reply to our sms for a free nokia mobile  free camcorder please call now 08000930705 for delivery tomorrow
",False,1
"did you hear about the new divorce barbie it comes with all of kens stuff
",False,1
"private your 2004 account statement for 07742676969 shows 786 unredeemed bonus points to claim call 08719180248 identifier code 45239 expires
",False,1
"youll not rcv any more msgs from the chat svc for free hardcore services text go to 69988 if u get nothing u must age verify with yr network  try again
",False,1
"bangbabes ur order is on the way u should receive a service msg 2 download ur content if u do not goto wap bangb tv on ur mobile internetservice menu
",False,1
"will u meet ur dream partner soon is ur career off 2 a flyng start 2 find out free txt horo followed by ur star sign e g horo aries
",False,1
"hey i am really horny want to chat or see me naked text hot to 69698 text charged at 150pm to unsubscribe text stop 69698
",False,1
"sms ac blind date 4u rodds1 is 21m from aberdeen united kingdom check him out httpimg sms acwicmb3cktz8r74 no blind dates send hide
",False,1
"valentines day special win over £1000 in our quiz and take your partner on the trip of a lifetime send go to 83600 now 150pmsg rcvd custcare08718720201
",False,1
"here is your discount code rp176781 to stop further messages reply stop wwwregalportfoliocouk customer services 08717205546
",False,1
"100 dating service call 09064012103 box334sk38ch
",False,1
"congrats nokia 3650 video camera phone is your call 09066382422 calls cost 150ppm ave call 3mins vary from mobiles 16 close 300603 post bcm4284 ldn wc1n3xx
",False,1
"free message activate your 500 free text messages by replying to this message with the word free for terms  conditions visit www07781482378com
",False,1
"your credits have been topped up for httpwwwbubbletextcom your renewal pin is tgxxrz
",False,1
"from wwwapplausestorecom monthlysubscription50pmsg max6month tcsc web age16 2stop txt stop
",False,1
"for ur chance to win a £250 wkly shopping spree txt shop to 80878 tscs wwwtxt2shopcom custcare 08715705022 1x150pwk
",False,1
"22 days to kick off for euro2004 u will be kept up to date with the latest news and results daily to be removed send get txt stop to 83222
",False,1
"you have won 1000 cash or a 2000 prize to claim call09050000327 tc rstm sw7 3ss 150ppm
",False,1
"forwarded from 448712404000please call 08712404000 immediately as there is an urgent message waiting for you
",False,1
"you have won a guaranteed £1000 cash or a £2000 prize to claim yr prize call our customer service representative on 08714712394 between 10am7pm
",False,1
"you have an important customer service announcement from premier
",False,1
"ever thought about living a good life with a perfect partner just txt back name and age to join the mobile community 100psms
",False,1
"you have won a guaranteed £200 award or even £1000 cashto claim ur award call free on 08000407165 18 2 stop getstop on 88222 php rg21 4jx
",False,1
"u have a secret admirer reveal who thinks u r so special call 09065174042 to opt out reply reveal stop 150 per msg recd cust care 07821230901
",False,1
"urgent call 09066350750 from your landline your complimentary 4 ibiza holiday or 10000 cash await collection sae tcs po box 434 sk3 8wp 150 ppm 18 
",False,1
"hello we need some posh birds and chaps to user trial prods for champneys can i put you down i need your address and dob asap ta r
",False,1
"u have a secret admirer who is looking 2 make contact with ufind out who they rreveal who thinks ur so specialcall on 09065171142stopsms08
",False,1
"money you r a lucky winner  2 claim your prize text money 2 88600 over £1million to give away  ppt150x3normal text rate box403 w1t1jy
",False,1
"filthy stories and girls waiting for your
",False,1
"free for 1st week no1 nokia tone 4 ur mob every week just txt nokia to 8007 get txting and tell ur mates wwwgetzedcouk pobox 36504 w45wq norm150ptone 16
",False,1
"eastenders tv quiz what flower does dot compare herself to d violet e tulip f lily txt d e or f to 84025 now 4 chance 2 win £100 cash wkent150p16
",False,1
"you are awarded a sipix digital camera call 09061221061 from landline delivery within 28days t cs box177 m221bp 2yr warranty 150ppm 16  p p£399
",False,1
"bored of speed dating try speedchat txt speedchat to 80155 if you dont like em txt swap and get a new chatter chat80155 pobox36504w45wq 150pmsg rcd 16
",False,1
"i dont know u and u dont know me send chat to 86688 now and lets find each other only 150pmsg rcvd hgsuite3422landsroww1j6hl ldn 18 years or over
",False,1
"sex up ur mobile with a free sexy pic of jordan just text babe to 88600 then every wk get a sexy celeb pocketbabecouk 4 more pics 16 £3wk 087016248
",False,1
"no 1 nokia tone 4 ur mob every week just txt nok to 87021 1st tone free  so get txtin now and tell ur friends 150ptone 16 reply hl 4info
",False,1
"hungry gay guys feeling hungry and up 4 it now call 08718730555 just 10pmin to stop texts call 08712460324 10pmin
",False,1
"win the newest “harry potter and the order of the phoenix book 5 reply harry answer 5 questions  chance to be the first among readers
",False,1
"500 new mobiles from 2004 must go txt nokia to no 89545  collect yours todayfrom only £1 www4tcbiz 2optout 08718726270150gbpmtmsg18 txtauction
",False,1
"congratulations ur awarded either £500 of cd gift vouchers  free entry 2 our £100 weekly draw txt music to 87066 tncs wwwldewcom 1 win150ppmx3age16
",False,1
"claire here am havin borin time  am now alone u wanna cum over 2nite chat now 09099725823 hope 2 c u luv claire xx calls£1minmoremobsemspobox45po139wa
",False,1
"your account has been credited with 500 free text messages to activate just txt the word credit to no 80488 tcs www80488biz
",False,1
"urgent your mobile no was awarded a £2000 bonus caller prize on 10803 this is our 2nd attempt to contact you call 08714719523 box95qu bt national rate
",False,1
"private your 2003 account statement for shows 800 unredeemed s i m points call 08719899230 identifier code 41685 expires 071104
",False,1
"500 free text msgs just text ok to 80488 and well credit your account
",False,1
"for ur chance to win a £250 cash every wk txt action to 80608 tscs wwwmovietriviatv custcare 08712405022 1x150pwk
",False,1
"todays vodafone numbers ending with 0089my last four digits are selected to received a £350 award if your number matches please call 09063442151 to claim your £350 award
",False,1
"wow the boys r back take that 2007 uk tour win vip tickets  prebook with vip club txt club to 81303 trackmarque ltd infovipclub4u
",False,1
"sms auction you have won a nokia 7250i this is what you get when you win our free auction to take part send nokia to 86021 now hgsuite3422lands roww1jhl 16
",False,1
"win we have a winner mr t foley won an ipod more exciting prizes soon so keep an eye on ur mobile or visit wwwwin82050couk
",False,1
"this is the 2nd time we have tried 2 contact u u have won the 750 pound prize 2 claim is easy call 08718726970 now only 10p per min btnationalrate 
",False,1
"dear 0776xxxxxxx uve been invited to xchat this is our final attempt to contact u txt chat to 86688 150pmsgrcvdhgsuite3422landsroww1j6hl ldn 18yrs 
",False,1
"new textbuddy chat 2 horny guys in ur area 4 just 25p free 2 receive search postcode or at gaytextbuddycom txt one name to 89693 08715500022 rpl stop 2 cnl
",False,1
"guess what somebody you know secretly fancies you wanna find out who it is give us a call on 09065394973 from landline datebox1282essexcm61xn 150pmin 18
",False,1
"free tones hope you enjoyed your new content text stop to 61610 to unsubscribe help08712400602450p provided by tones2youcouk
",False,1
"call 09094100151 to use ur mins calls cast 10pmin mob vary service provided by aom just gbp5month aom box61m60 1er until u stop ages 18 only
",False,1
"85233 freeringtonereply real
",False,1
"free2day sexy st georges day pic of jordantxt pic to 89080 dont miss out then every wk a saucy celeb4 more pics c pocketbabecouk 0870241182716 £3wk
",False,1
"your b4u voucher wc 2703 is marsms log onto wwwb4utelecom for discount credit to opt out reply stop customer care call 08717168528
",False,1
"free camera phones with linerental from 449month with 750 cross ntwk mins 12 price txt bundle deals also avble call 08001950382 or call2optoutj mf
",False,1
"hi ya babe x u 4goten bout me scammers getting smartthough this is a regular vodafone no if you respond you get further prem rate msgsubscription other nos used also beware
",False,1
"forwarded from 88877free entry into our £250 weekly comp just send the word enter to 88877 now 18 tc wwwtextcompcom
",False,1
"congrats 1 year special cinema pass for 2 is yours call 09061209465 now c suprman v matrix3 starwars3 etc all 4 free bx420ip45we 150pm dont miss out
",False,1
"tddnewsletteremc1couk more games from thedailydraw dear helen dozens of free games  with great prizeswith
",False,1
"spook up your mob with a halloween collection of a logo  pic message plus a free eerie tone txt card spook to 8007 zed 08701417012150p per logopic
",False,1
"someone has contacted our dating service and entered your phone becausethey fancy you to find out who it is call from a landline 09058098002 pobox1 w14rg 150p
",False,1
"guess who am ithis is the first time i created a web page wwwasjesuscom read all i wrote im waiting for your opinions i want to be your friend 11
",False,1
"winner as a valued network customer you hvae been selected to receive a £900 reward to collect call 09061701444 valid 24 hours only acl03530150pm
",False,1
"this message is brought to you by gmw ltd and is not connected to the
",False,1
"join the uks horniest dogging service and u can have sex 2nite just sign up and follow the instructions txt entry to 69888 now nytec2a3lpmsg150p
",False,1
"urgent your mobile no 077xxx won a £2000 bonus caller prize on 020603 this is the 2nd attempt to reach you call 09066362206 asap box97n7qp 150ppm
",False,1
"we tried to contact you re your response to our offer of a new nokia fone and camcorder hit reply or call 08000930705 for delivery
",False,1
"from 88066 lost £12 help
",False,1
"urgent please call 09066612661 from landline £5000 cash or a luxury 4 canary islands holiday await collection tcs sae award 20m12aq 150ppm 16 “
",False,1
"how come it takes so little time for a child who is afraid of the dark to become a teenager who wants to stay out all night
",False,1
"gr8 poly tones 4 all mobs direct 2u rply with poly title to 8007 eg poly breathe1 titles crazyin sleepingwith finest ymca getzedcouk pobox365o4w45wq 300p
",False,1
"youve won tkts to the euro2004 cup final or £800 cash to collect call 09058099801 b4190604 pobox 7876150ppm
",False,1
"hey boys want hot xxx pics sent direct 2 ur phone txt porn to 69855 24hrs free and then just 50p per day to stop text stopbcm sf wc1n3xx
",False,1
"sorry u can not unsubscribe yet the mob offer package has a min term of 54 weeks pls resubmit request after expiry reply themob help 4 more info
",False,1
"do you ever notice that when youre driving anyone going slower than you is an idiot and everyone driving faster than you is a maniac
",False,1
"this message is free welcome to the new  improved sex  dogging club to unsubscribe from this service reply stop msgs150p 18only
",False,1
"eastenders tv quiz what flower does dot compare herself to d violet e tulip f lily txt d e or f to 84025 now 4 chance 2 win £100 cash wkent150p16
",False,1
"good luck draw takes place 28th feb 06 good luck for removal send stop to 87239 customer services 08708034412
",False,1
"hard live 121 chat just 60pmin choose your girl and connect live call 09094646899 now cheap chat uks biggest live service vu bcm1896wc1n3xx
",False,1
"ur going 2 bahamas callfreefone 08081560665 and speak to a live operator to claim either bahamas cruise of£2000 cash 18only to opt out txt x to 07786200117
",False,1
"six chances to win cash from 100 to 20000 pounds txt csh11 and send to 87575 cost 150pday 6days 16 tsandcs apply reply hl 4 info
",False,1
"someone u know has asked our dating service 2 contact you cant guess who call 09058097189 now all will be revealed pobox 6 ls15hb 150p 
",False,1
"free message activate your 500 free text messages by replying to this message with the word free for terms  conditions visit www07781482378com
",False,1
"please call 08712402972 immediately as there is an urgent message waiting for you
",False,1
"do you want a new video phone 600 anytime any network mins 400 inclusive video calls and downloads 5 per week free deltomorrow call 08002888812 or reply now
",False,1
"am new 2 club  dont fink we met yet will b gr8 2 c u please leave msg 2day wiv ur area 09099726553 reply promised carlie x calls£1minmobsmore lkpobox177hp51fl
",False,1
"bloomberg message center 447797706009 why wait apply for your future httpcareers bloombergcom
",False,1
"dorothykiefercom bank of granite issues strongbuy explosive pick for our members up over 300  nasdaq symbol cdgt that is a 500 per
",False,1
"urgent we are trying to contact u todays draw shows that you have won a £800 prize guaranteed call 09050000460 from land line claim j89 po box245c2150pm
",False,1
"you wont believe it but its true its incredible txts reply g now to learn truly amazing things that will blow your mind from o2fwd only 18ptxt
",False,1
"8007 25p 4 alfie moons children in need song on ur mob tell ur m8s txt tone charity to 8007 for nokias or poly charity for polys zed 08701417012 profit 2 charity 
",False,1
"you have won a nokia 7250i this is what you get when you win our free auction to take part send nokia to 86021 now hgsuite3422lands roww1jhl 16
",False,1
"hi there 2nights ur lucky night uve been invited 2 xchat the uks wildest chat txt chat to 86688 now 150pmsgrcvdhgsuite3422landsroww1j6hl ldn 18yrs
",False,1
"free for 1st week no1 nokia tone 4 ur mob every week just txt nokia to 8007 get txting and tell ur mates wwwgetzedcouk pobox 36504 w45wq norm150ptone 16
",False,1
"twinks bears scallies skins and jocks are calling now dont miss the weekends fun call 08712466669 at 10pmin 2 stop texts call 08712460324nat rate
",False,1
"fantasy football is back on your tv go to sky gamestar on sky active and play £250k dream team scoring starts on saturday so register nowsky opt out to 88088
",False,1
"a link to your picture has been sent you can also use httpalto18coukwavewaveaspo44345
",False,1
"your 2004 account for 07xxxxxxxxx shows 786 unredeemed points to claim call 08719181259 identifier code xxxxx expires 260305
",False,1
"refused a loan secured or unsecured cant get credit call free now 0800 195 6669 or text back help  we will
",False,1
"ringtoneking 84484
",False,1
"this is the 2nd time we have tried to contact u u have won the £400 prize 2 claim is easy just call 087104711148 now only 10p per minute btnationalrate
",False,1
"you are chosen to receive a £350 award pls call claim number 09066364311 to collect your award which you are selected to receive as a valued mobile customer
",False,1
"this weeks savamob member offers are now accessible just call 08709501522 for details savamob pobox 139 la3 2wu only £150week savamob  offers mobile
",False,1
"orange brings you ringtones from all time chart heroes with a free hit each week go to ringtones  pics on wap to stop receiving these tips reply stop
",False,1
"hot live fantasies call now 08707500020 just 20p per min ntt ltd po box 1327 croydon cr9 5wb 0870 is a national rate call
",False,1
"please call amanda with regard to renewing or upgrading your current tmobile handset free of charge offer ends today tel 0845 021 3680 subject to ts and cs
",False,1
"congrats nokia 3650 video camera phone is your call 09066382422 calls cost 150ppm ave call 3mins vary from mobiles 16 close 300603 post bcm4284 ldn wc1n3xx
",False,1
"cmon babe make me horny turn me on txt me your fantasy now babe  im hot sticky and need you now all replies cost £150 2 cancel send stop
",False,1
"show ur colours euro 2004 241 offer get an england flag  3lions tone on ur phone click on the following service message for info
",False,1
"natalja 25f is inviting you to be her friend reply yes440 or no440 see her wwwsmsacunat27081980 stop send stop frnd to 62468
",False,1
"please call 08712402578 immediately as there is an urgent message waiting for you
",False,1
"u 447801259231 have a secret admirer who is looking 2 make contact with ufind out who they rreveal who thinks ur so specialcall on 09058094597
",False,1
"ur tonexs subscription has been renewed and you have been charged £450 you can choose 10 more polys this month wwwclubzedcouk billing msg
",False,1
"for your chance to win a free bluetooth headset then simply reply back with adp
",False,1
"want explicit sex in 30 secs ring 02073162414 now costs 20pmin
",False,1
"congrats 2 mobile 3g videophones r yours call 09061744553 now videochat wid ur mates play java games dload polyh music noline rentl bx420 ip4 5we 150pm
",False,1
"urgent this is the 2nd attempt to contact uu have won £1000call 09071512432 b4 300603tcsbcm4235wc1n3xxcallcost150ppmmobilesvary max£7 50
",False,1
"u have a secret admirer who is looking 2 make contact with ufind out who they rreveal who thinks ur so specialcall on 09065171142stopsms08718727870150ppm
",False,1
"please call our customer service representative on 0800 169 6031 between 10am9pm as you have won a guaranteed £1000 cash or £5000 prize
",False,1
"private your 2003 account statement for shows 800 unredeemed s i m points call 08718738002 identifier code 48922 expires 211104
",False,1
"free game get rayman golf 4 free from the o2 games arcade 1st get ur games settings reply post then save  activ8 press 0 key for arcade termsapply
",False,1
"cashbincouk get lots of cash this weekend wwwcashbincouk dear welcome to the weekend we have got our biggest and best ever cash give away these
",False,1
"urgent this is our 2nd attempt to contact u your £900 prize from yesterday is still awaiting collection to claim call now 09061702893
",False,1
"new mobiles from 2004 must go txt nokia to no 89545  collect yours today from only £1 www4tcbiz 2optout 08718726270150gbpmtmsg18 txtauction
",False,1
"lyricalladie21f is inviting you to be her friend reply yes910 or no910 see her wwwsmsacuhmmross stop send stop frnd to 62468
",False,1
" free polyphonic ringtone text super to 87131 to get your free poly tone of the week now 16 sn pobox202 nr31 7zs subscription 450pw
",False,1
"hi the sexychat girls are waiting for you to text them text now for a great night chatting send stop to stop this service
",False,1
"urgent we are trying to contact u todays draw shows that you have won a £2000 prize guaranteed call 09058094507 from land line claim 3030 valid 12hrs only
",False,1
"you have won a guaranteed £1000 cash or a £2000 prize to claim yr prize call our customer service representative on 08714712412 between 10am7pm cost 10p
",False,1
"you wont believe it but its true its incredible txts reply g now to learn truly amazing things that will blow your mind from o2fwd only 18ptxt
",False,1
"83039 62735£450 uk break accommodationvouchers terms  conditions apply 2 claim you mustprovide your claim number which is 15541 
",False,1
"themobhit the link to get a premium pink panther game the new no 1 from sugababes a crazy zebra animation or a badass hoody wallpaperall 4 free
",False,1
"private your 2003 account statement for 078
",False,1
"sms auction  a brand new nokia 7250 is up 4 auction today auction is free 2 join  take part txt nokia to 86021 now
",False,1
"you ve won your 4 costa del sol holiday or £5000 await collection call 09050090044 now toclaim sae tc s pobox334 stockport sk38xh cost£150pm max10mins
",False,1
"someonone you know is trying to contact you via our dating service to find out who it could be call from your mobile or landline 09064015307 box334sk38ch 
",False,1
"urgent please call 09061213237 from landline £5000 cash or a luxury 4 canary islands holiday await collection tcs sae po box 177 m227xy 150ppm 16
",False,1
"camera  you are awarded a sipix digital camera call 09061221066 fromm landline delivery within 28 days
",False,1
"free entry to the gr8prizes wkly comp 4 a chance to win the latest nokia 8800 psp or £250 cash every wktxt great to 80878 httpwwwgr8prizescom 08715705022
",False,1
"for the most sparkling shopping breaks from 45 per person call 0121 2025050 or visit wwwshortbreaksorguk
",False,1
"urgent last weekends draw shows that you have won £1000 cash or a spanish holiday call now 09050000332 to claim tc rstm sw7 3ss 150ppm
",False,1
"private your 2003 account statement for 07808247860 shows 800 unredeemed s i m points call 08719899229 identifier code 40411 expires 061104
",False,1
"had your contract mobile 11 mnths latest motorola nokia etc all free double mins  text on orange tariffs text yes for callback no to remove from records
",False,1
"even my brother is not like to speak with me they treat me like aids patent
",True,0
"oh kim watching here
",True,0
"so ü pay first lar then when is da stock comin
",True,0
"did you catch the bus  are you frying an egg  did you make a tea are you eating your moms left over dinner  do you feel my love 
",True,0
"k tell me anything about you
",True,0
"anything lor u decide
",True,0
"great i hope you like your man well endowed i am  ltgt  inches
",True,0
"u dont know how stubborn i am i didnt even want to go to the hospital i kept telling mark im not a weak sucker hospitals are for weak suckers
",True,0
"do you know what mallika sherawat did yesterday find out now   lturlgt
",True,0
"ha ha ha good joke girls are situation seekers
",True,0
"i plane to give on this month end
",True,0
"u can call me now
",True,0
"its not the same here still looking for a job how much do tas earn there
",True,0
"yup next stop
",True,0
"ela kanoil download come wen ur free
",True,0
"watching telugu moviewat abt u
",True,0
"okay name ur price as long as its legal wen can i pick them up y u ave x ams xx
",True,0
"thanks a lot for your wishes on my birthday thanks you for making my birthday truly memorable
",True,0
"what is the plural of the noun research
",True,0
"goodo yes we must speak friday  eggpotato ratio for tortilla needed 
",True,0
"good stuff will do
",True,0
"im home
",True,0
"no no i will check all rooms befor activities
",True,0
"i know you are can you pls open the back
",True,0
"sindu got job in birla soft 
",True,0
"you are everywhere dirt on the floor the windows even on my shirt and sometimes when i open my mouth you are all that comes flowing out i dream of my world without you then half my chores are out too a time of joy for me lots of tv shows ill see but i guess like all things you just must exist like rain hail and mist and when my time here is done you and i become one
",True,0
"new car and house for my parentsi have only new job in hand
",True,0
"yes it completely in out of formclark also utter waste
",True,0
"well im gonna finish my bath now have a goodfine night
",True,0
"hi you just spoke to maneesha v wed like to know if you were satisfied with the experience reply toll free with yes or no
",True,0
"going on nothing greatbye
",True,0
"im sorry ive joined the league of people that dont keep in touch you mean a great deal to me you have been a friend at all times even at great personal cost do have a great week
",True,0
"did u got that persons story
",True,0
"hello darlin ive finished college now so txt me when u finish if u can love kate xxx
",True,0
"as i entered my cabin my pa said  happy bday boss  i felt special she askd me 4 lunch after lunch she invited me to her apartment we went there
",True,0
"home so we can always chat
",True,0
"tired i havent slept well the past few nights
",True,0
"there is os called ubandu which will run without installing in hard diskyou can use that os to copy the important files in system and give it to repair shop
",True,0
"life is more strict than teacher bcoz teacher teaches lesson amp then conducts exam but life first conducts exam amp then teaches lessons happy morning  
",True,0
"yeshere tv is always available in work place
",True,0
"tomarrow final hearing on my laptop case so i cant
",True,0
"too late i said i have the website i didnt i have or dont have the slippers
",True,0
"wen ur lovable bcums angry wid u dnt take it seriously coz being angry is d most childish n true way of showing deep affection care n luv kettoda manda have nice day da
",True,0
"mmm so yummy babe  nice jolt to the suzy
",True,0
"my no in luton 0125698789 ring me if ur around h
",True,0
"come to mu were sorting out our narcotics situation
",True,0
"tell rob to mack his gf in the theater
",True,0
"wen u miss someone the person is definitely special for u but if the person is so special why to miss them just keepintouch gdeve
",True,0
"ok
",True,0
"haf u found him i feel so stupid da v cam was working
",True,0
"hurt me tease me make me cry but in the end of my life when i die plz keep one rose on my grave and say stupid i miss u have a nice day bslvyl
",True,0
"oh and by the way you do have more food in your fridge want to go out for a meal tonight 
",True,0
"where are the garage keys they arent on the bookshelf
",True,0
"kkadvance happy pongal
",True,0
"hey why dont we just go watch x men and have lunch haha 
",True,0
"hi dahow is the todays class
",True,0
"maybe i could get book out tomo then return it immediately  or something
",True,0
"sorry ill call later
",True,0
"am not interested to do like that
",True,0
"just checking in on you really do miss seeing jeremiah do have a great month
",True,0
"ltgt ish minutes was 5 minutes ago wtf
",True,0
"oh ok no prob
",True,0
"wat uniform in where get
",True,0
"i cant keep talking to people if am not sure i can pay them if they agree to price so pls tell me what you want to really buy and how much you are willing to pay
",True,0
"i taught that ranjith sir called me so only i sms like that becaus hes verifying about project prabu told today so only pa dont mistake me
",True,0
"it took mr owl 3 licks
",True,0
"hey so this sat are we going for the intro pilates only or the kickboxing too 
",True,0
"was actually sleeping and still might when u call back so a text is gr8 you rock sis will send u a text wen i wake
",True,0
"the hair cream has not been shipped
",True,0
"hello good week fancy a drink or something later
",True,0
"okies ill go yan jiu too we can skip ard oso go cine den go mrt one blah blah blah 
",True,0
"yesfrom last week itself im taking live call
",True,0
"any pain on urination any thing else
",True,0
"booked ticket for pongal
",True,0
"hi hope u get this txtjourney hasnt been gdnow about 50 mins late i think
",True,0
"sorry ill call later
",True,0
"lol  have you made plans for new years
",True,0
"ok i will tell her to stay out yeah its been tough but we are optimistic things will improve this month
",True,0
"going thru a very different feelingwavering decisions and coping up with the same is the same individualtime will heal everything i believe
",True,0
"great princess i love giving and receiving oral doggy style is my fave position how about you i enjoy making love  ltgt  times per night 
",True,0
"how long has it been since you screamed princess
",True,0
"tension ahwhat machiany problem
",True,0
"watching tv lor
",True,0
"depends on quality if you want the type i sent boye faded glory then about 6 if you want ralphs maybe 2
",True,0
"are you free nowcan i call now
",True,0
"dear i have reache room
",True,0
"no its waiting in e car dats bored wat cos wait outside got nothing 2 do at home can do my stuff or watch tv wat
",True,0
"8 at the latest gs still there if you can scrounge up some ammo and want to give the new ak a try
",True,0
"that way transport is less problematic than on sat night by the way if u want to ask  n  to join my bday feel free but need to know definite nos as booking on fri 
",True,0
"thats very rude you on campus
",True,0
"gudnitetcpractice going on
",True,0
"or maybe my fat fingers just press all these buttons and it doesnt know what to do
",True,0
"4 oclock at mine just to bash out a flat plan
",True,0
"wait  ltgt  min
",True,0
"ok every night take a warm bath drink a cup of milk and youll see a work of magic you still need to loose weight just so that you know
",True,0
"hi princess thank you for the pics you are very pretty how are you
",True,0
"fuck babe  i miss you already you know  cant you let me send you some money towards your net  i need you  i want you  i crave you 
",True,0
"wot u wanna do then missy
",True,0
"nope i waiting in sch 4 daddy 
",True,0
"ok anyway no need to change with what you said
",True,0
"pete can you please ring meive hardly gotany credit
",True,0
"i am great how are you
",True,0
"if u sending her home first its ok lor im not ready yet
",True,0
"what i meant to say is cant wait to see u again getting bored of this bridgwater banter
",True,0
"thanx4 today cer it was nice 2 catch up but we ave 2 find more time more often oh well take care c u soonc
",True,0
"i come n pick ü up come out immediately aft ur lesson
",True,0
"sorry no have got few things to do may be in pub later
",True,0
"please dont say like that hi hi hi
",True,0
"sweetheart hope you are not having that kind of day have one with loads of reasons to smile biola
",True,0
" said kiss kiss i cant do the sound effects he is a gorgeous man isnt he kind of person who needs a smile to brighten his day 
",True,0
"do you mind if i ask what happened you dont have to say if it is uncomfortable
",True,0
"fine i miss you very much
",True,0
"it doesnt make sense to take it there unless its free if you need to know more wikipediacom
",True,0
"yes baby we can study all the positions of the kama sutra 
",True,0
"did u receive my msg
",True,0
"maybe say hi to  and find out if  got his card great escape or wetherspoons 
",True,0
"ü log off 4 wat its sdryb8i
",True,0
"dearme at cherthalain case u r coming cochin pls call bfore u starti shall also reach accordinglyor tell me which day u r comingtmorow i am engaged ans its holiday
",True,0
"will purchase d stuff today and mail to you do you have a po box number
",True,0
"mum ask ü to buy food home
",True,0
"thats a bit weird even  where is the do supposed to be happening but good idea sure they will be in pub
",True,0
"height of confidence all the aeronautics professors wer calld amp they wer askd 2 sit in an aeroplane aftr they sat they wer told dat the plane ws made by their students dey all hurried out of d plane bt only 1 didnt move he saidif it is made by my studentsthis wont even start datz confidence
",True,0
"book which lesson then you msg me i will call up after work or sth im going to get specs my membership is px3748
",True,0
"ya even those cookies have jelly on them
",True,0
"exactly anyways how far is jide her to study or just visiting
",True,0
"leaving to qatar tonite in search of an opportunityall went fastpls add me in ur prayers dearrakhesh
",True,0
"yes i will be there glad you made it
",True,0
"dunno he jus say go lido same time 930
",True,0
"when did you get to the library
",True,0
"u should have made an appointment
",True,0
"im nt goin got somethin on unless they meetin 4 dinner lor haha i wonder who will go tis time
",True,0
"lol u drunkard just doing my hair at d moment yeah still up 4 tonight wats the plan 
",True,0
"why dont you go tell your friend youre not sure you want to live with him because he smokes too much then spend hours begging him to come smoke
",True,0
"hmmm  i thought we said 2 hours slave not 3  you are late  how should i punish you 
",True,0
"gud mrng dear hav a nice day
",True,0
"there generally isnt one its an uncountable noun  u in the dictionary pieces of research
",True,0
"appt is at lttimegt am not my fault u dont listen i told u twice
",True,0
"i am taking half day leave bec i am not well
",True,0
"wheres my boytoy i miss you  what happened
",True,0
"good afternoon starshine hows my boytoy does he crave me yet ache to fuck me  sips cappuccino i miss you babe teasing kiss
",True,0
"hey you got any mail
",True,0
"surely result will offer
",True,0
"our prashanthettans mother passed away last night pray for her and family
",True,0
"yeah theres barely enough room for the two of us x has too many fucking shoes sorry man see you later
",True,0
"stop the story ive told him ive returned it and hes saying i should not re order it
",True,0
"in work now going have in few min
",True,0
"same here but i consider walls and bunkers and shit important just because i never play on peaceful but i guess your place is high enough that it dont matter
",True,0
"talk with yourself atleast once in a day otherwise you will miss your best friend in this world shakespeare shesil  ltgt
",True,0
"yoyyooo u know how to change permissions for a drive in mac my usb flash drive
",True,0
"wifehow she knew the time of murder exactly
",True,0
"doesnt g have class early tomorrow and thus shouldnt be trying to smoke at  ltgt
",True,0
"probably money worries things are coming due and i have several outstanding invoices for work i did two and three months ago
",True,0
"hey whats up charles sorry about the late reply
",True,0
"cant i feel nauseous im so pissed i didnt eat any sweets all week cause today i was planning to pig out i was dieting all week and now im not hungry 
",True,0
"when people see my msgs they think iam addicted to msging they are wrong bcoz they dont know that iam addicted to my sweet friends bslvyl
",True,0
"it shall be fine i have avalarr now will hollalater
",True,0
"ki will give my kvb acc details
",True,0
"what time you think youll have it need to know when i should be near campus
",True,0
"no we sell it all so well have tons if coins then sell our coins to someone thru paypal voila money back in life pockets
",True,0
"hey i booked the kb on sat already what other lessons are we going for ah keep your sat night free we need to meet and confirm our lodging 
",True,0
"beautiful truth against gravity read carefully our heart feels light when someone is in it but it feels very heavy when someone leaves it good night
",True,0
"my sort code is  and acc no is  the bank is natwest can you reply to confirm ive sent this to the right person
",True,0
"are you this much buzy
",True,0
"it wont b until 215 as trying 2 sort house out is that ok
",True,0
"eh u send wrongly lar
",True,0
"another month i need chocolate weed and alcohol
",True,0
"carlos says hell be at mu in  ltgt  minutes
",True,0
"26th of july
",True,0
"change again its e one next to escalator
",True,0
"nobut heard abt tat
",True,0
"i dont quite know what to do i still cant get hold of anyone i cud pick you up bout 730pm and we can see if theyre in the pub
",True,0
"i dunno they close oredi not ü v ma fan
",True,0
"nope watching tv at home not going out v bored
",True,0
"hasnt that been the pattern recently crap weekends
",True,0
"its good well find a way
",True,0
"zoe it just hit me 2 im fucking shitin myself il defo try my hardest 2 cum 2morow luv u millions lekdog
",True,0
"they just talking thats it de they wont any other
",True,0
"come round its  
",True,0
"i got another job the one at the hospital doing data analysis or something starts on monday not sure when my thesis will got finished
",True,0
"ard 515 like dat y
",True,0
"thats fine ill bitch at you about it later then
",True,0
"alright ill make sure the car is back tonight
",True,0
"yep by the pretty sculpture
",True,0
"send to someone else 
",True,0
"you can never do nothing
",True,0
"now only i reached home   i am very tired now  i will come tomorro
",True,0
"you busy or can i come by at some point and figure out what were doing tomorrow
",True,0
"good afternoon my love how goes your day  what are you up to  i woke early and am online waiting for you  hmmm  italian boy is online i see  grins
",True,0
"awesome think we can get an 8th at usf some time tonight
",True,0
"hey what time is your driving on fri we go for evaluation on fri
",True,0
"aiyar sorry lor forgot 2 tell u
",True,0
"sorry ill call later
",True,0
"lol  no just was busy
",True,0
"and is there a way you can send shades stuff to her and she has been wonderful too
",True,0
"not a drop in the tank
",True,0
"sorry man accidentally left my phone on silent last night and didnt check it til i got up
",True,0
"you sure your neighbors didnt pick it up
",True,0
"i am not having her number sir
",True,0
"happy new years melody
",True,0
"just nw i came to hme da
",True,0
"k give me a sec breaking a  ltgt  at cstore
",True,0
"theres no point hangin on to mr not right if hes not makin u happy
",True,0
"i was up all night too worrying about this appt its a shame we missed a girls night out with quizzes popcorn and you doing my hair
",True,0
"neft transaction with reference number  ltgt  for rs ltdecimalgt  has been credited to the beneficiary account on  ltgt  at  lttimegt  ltgt
",True,0
"the whole car appreciated the last two dad and are having a map reading semi argument but apart from that things are going ok p
",True,0
"ok then i will come to ur home after half an hour
",True,0
"damn can you make it tonight or do you want to just wait til tomorrow
",True,0
"rofl betta invest in some  anti aging products
",True,0
"have got  few things to do may be in  pub later
",True,0
"how much are we getting
",True,0
"i want to show you the world princess  how about europe
",True,0
"i do know what u mean  is the king of not havin credit im goin2bed now night night sweet only1more sleep 
",True,0
"yeah like if it goes like it did with my friends imma flip my shit in like half an hour
",True,0
"am also doing in cbe only but have to pay
",True,0
"ok no wahala just remember that a friend in need 
",True,0
"tee hee off to lecture cheery bye bye
",True,0
"wot u up 2 u weirdo
",True,0
"oh ho is this the first time u use these type of words
",True,0
"just wondering the others just took off
",True,0
"eat jap done oso aft ur lect wat ü got lect at 12 rite 
",True,0
"tell her i said eat shit
",True,0
"those cocksuckers if it makes you feel better ipads are worthless garbage novelty items and you should feel bad for even wanting one
",True,0
"designation is software developer and may be she get chennai
",True,0
"i love u 2 babe r u sure everything is alrite is he being an idiot txt bak girlie
",True,0
"ok
",True,0
"i thk 50 shd be ok he said plus minus 10 did ü leave a line in between paragraphs
",True,0
"i dont know what to do to come out of this so only am ask questions like this dont mistake me
",True,0
"oh  a half hour is much longer in syria than canada eh  wow you must get so much more work done in a day than us with all that extra time  grins
",True,0
"every mondaynxt week vl be completing
",True,0
"were somewhere on fredericksburg
",True,0
"bugis oso near wat 
",True,0
"convey my regards to him
",True,0
"yo dude guess who just got arrested the other day
",True,0
"bbq this sat at mine from 6ish ur welcome 2 come
",True,0
"i though we shd go out n have some fun so bar in town or something – sound ok
",True,0
"i dnt wnt to tlk wid u
",True,0
"thats ok i popped in to ask bout something and she said youd been in are you around tonght wen this girl comes
",True,0
"i wonder how you got online my love  had you gone to the net cafe  did you get your phone recharged  were you on a friends net  i think of you boytoy
",True,0
"thats cool i am a gentleman and will treat you with dignity and respect
",True,0
"no i decided that only people who care about stuff vote and caring about stuff is for losers
",True,0
"kkany special today
",True,0
"somewhere out there beneath the pale moon light someone think in of u some where out there where dreams come true goodnite amp sweet dreams
",True,0
"no wonder cos i dun rem seeing a silver car but i thk i saw a black one
",True,0
"lol great now im getting hungry
",True,0
"tell you what if you make a little spreadsheet and track whose idea it was to smoke to determine who smokes too much for the entire month of february ill come up
",True,0
"i asked sen to come chennai and search for job
",True,0
"in fact when do you leave i think addie goes back to school tues or wed
",True,0
"i am in a marriage function
",True,0
"ya when are ü taking ure practical lessons i start in june  
",True,0
"fighting with the world is easy u either win or lose bt fightng with some1 who is close to u is dificult if u lose  u lose if u win  u still lose
",True,0
"your account has been refilled successfully by inr  ltdecimalgt  your keralacircle prepaid account balance is rs  ltdecimalgt  your transaction id is kr ltgt 
",True,0
"just sent you an email – to an address with incomm in it is that right
",True,0
"why you keeping me away like this
",True,0
"ok
",True,0
"i told your number to gautham
",True,0
"how are you with moneyas in to youmoney aint a thinghow are you sha
",True,0
"time n smile r the two crucial things in our life sometimes time makes us to forget smile and sometimes someones smile makes us to forget time gud noon
",True,0
"total video converter free download type this in google search
",True,0
"oops sorry just to check that you dont mind picking me up tomo at half eight from station would that be ok
",True,0
"i need to come home and give you some good lovin
",True,0
"yup ok thanx
",True,0
"hey what happen de are you alright
",True,0
"horrible bf i now v hungry
",True,0
"youre not sure that im not trying to make xavier smoke because i dont want to smoke after being told i smoke too much
",True,0
"good afternoon my love  any job prospects  are you missing me  what do you do  are you being lazy and bleak hmmm  or happy and filled with my love 
",True,0
"he says hi and to get your ass back to south tampa preferably at a kegger
",True,0
"ok i found dis pierre cardin one which looks normal costs 20 its on sale
",True,0
"just got some gas money any chance you and the gang want to go on a grand nature adventure
",True,0
"the  ltgt g that i saw a few days ago the guy wants sell wifi only for  ltgt  and with 3g for  ltgt  thats why i blanked him
",True,0
"noi got rumour that you going to buy apartment in chennai
",True,0
"remember all those whom i hurt during days of satanic imposter in meneed to pay a priceso be itmay destiny keep me going and as u said pray that i get the mind to get over the same
",True,0
"yep at dereks house now see you sunday lt3
",True,0
"dont search love let love find u thats why its called falling in love bcoz u dont force yourself u just fall and u know there is smeone to hold u bslvyl
",True,0
"will it help if we propose going back again tomorrow
",True,0
"kthen any other special
",True,0
"when you came to hostel
",True,0
"ill probably be around mu a lot
",True,0
"k makes sense btw carlos is being difficult so you guys are gonna smoke while i go pick up the second batch and get gas
",True,0
"living is very simple loving is also simple laughing is too simple winning is tooo simple but being simple is very difficult gud nte
",True,0
"sounds like you have many talents would you like to go on a dinner date next week
",True,0
"you have come into my life and brought the sun shiny down on me warming my heart putting a constant smile on my face  making me feel loved and cared for
",True,0
"sleeping nt feeling well
",True,0
"evening  v good if somewhat event laden will fill you in dont you worry … head  ok but throat  wrecked see you at six then
",True,0
"i was at bugis juz now wat but now im walking home oredi ü so late then reply i oso saw a top dat i like but din buy where r ü now 
",True,0
"yeah wheres your class at
",True,0
"dunno cos i was v late n when i reach they inside already but we ate spageddies lor its e gals who r laughing at me lor
",True,0
"lmaonice 1
",True,0
"lol where do u come up with these ideas
",True,0
"hi babe u r most likely to be in bed but im so sorry about tonight i really wanna see u tomorrow so call me at 9 love me xxx
",True,0
"bring tat cd don forget
",True,0
"finish already yar they keep saying i mushy i so embarrassed ok
",True,0
"can come my room but cannot come my house cos my house still messy haha
",True,0
"yes i am a one woman man please tell me your likes and dislikes in bed
",True,0
"i got your back do you have any dislikes in bed
",True,0
"as in missionary hook up doggy hook up standing
",True,0
"hi jon pete here ive bin 2 spain recently  hav sum dinero left bill said u or ur rents mayb interested in it i hav 12000pes so around £48 tb james
",True,0
"as per your request maangalyam alaipayuthe has been set as your callertune for all callers press 9 to copy your friends callertune
",True,0
"i think were going to finns now come
",True,0
"u guys never invite me anywhere 
",True,0
"i don know account detailsi will ask my mom and send youmy mom is out of reach now
",True,0
" was thinking about chuckin ur red green n black trainners 2 save carryin them bac on train
",True,0
"lmao ok i wont be needing u to do my hair anymore
",True,0
"got ur mail dileepthank you so muchand look forward to lots of supportvery less contacts hereremember one venugopal you mentionedtomorrow if not latei shall try to come up till theregoodnight dear
",True,0
"how its a little difficult but its a simple way to enter this place
",True,0
"im not coming over do whatever you want
",True,0
"my uncles in atlanta wish you guys a great semester
",True,0
"yessura in sun tvlol
",True,0
"you bad girl i can still remember them
",True,0
"that one week leave i put know that time why
",True,0
"im in class did you get my text
",True,0
"aight ill ask a few of my roommates
",True,0
"hi its jess i dont know if you are at work but call me when u can im at home all eve xxx
",True,0
"dunno dats wat he told me ok lor
",True,0
"sent me ur email id soon
",True,0
"thats the way you should stay oh
",True,0
" will be september by then
",True,0
"i am in your office na
",True,0
"its on in engalnd but telly has decided it wont let me watch it and mia and elliot were kissing damn it
",True,0
"i just made some payments so dont have that much sorry would you want it fedex or the other way
",True,0
"sir i am waiting for your call
",True,0
"ill let you know when it kicks in
",True,0
"today my system sh get readyall is well and i am also in the deep well
",True,0
"watching tv now i got new job 
",True,0
"sorry i cant help you on this
",True,0
"i gotta collect da car at 6 lei
",True,0
"i tot u outside cos darren say u come shopping of course we nice wat we jus went sim lim look at mp3 player
",True,0
"sorry ill call later
",True,0
"ello babe u ok
",True,0
"for real tho this sucks i cant even cook my whole electricity is out and im hungry
",True,0
"is fujitsu s series lifebook good
",True,0
"hello they are going to the village pub at 8 so either come here or there accordingly ok
",True,0
"carry on not disturbing both of you
",True,0
"did either of you have any ideas do you know of anyplaces doing something
",True,0
"kkwhy cant you come here and search job
",True,0
"the battery is for mr adewale my uncle aka egbon
",True,0
"nah im goin 2 the wrks with j wot bout u
",True,0
"take something for pain if it moves however to any side in the next 6hrs see a doctor
",True,0
"honeybee said im d sweetest in d world god laughed amp said waitu havnt met d person reading this msg moral even god can crack jokes gmgngegn
",True,0
"nvm its ok
",True,0
"delhi and chennai still silent
",True,0
"sorry ill call later in meeting any thing related to trade please call arul ltgt 
",True,0
"no callsmessagesmissed calls
",True,0
"eh den sat u book e kb liao huh
",True,0
"well i have to leave for my class babe  you never came back to me    hope you have a nice sleep my love
",True,0
"goodmorning today i am late for  ltdecimalgt min
",True,0
"i cant keep going through this it was never my intention to run you out but if you choose to do that rather than keep the room clean so i dont have to say no to visitors then maybe thats the best choice yes i wanted you to be embarassed so maybe youd feel for once how i feel when i have a friend who wants to drop buy and i have to say no as happened this morning ive tried everything i dont know what else to do
",True,0
"just re read it and i have no shame but tell me how he takes it and if he runs i will blame u 4 ever not really 4 ever just a long time 
",True,0
"anything lor but toa payoh got place 2 walk meh
",True,0
"nah man my car is meant to be crammed full of people
",True,0
"i noe la u wana pei bf oso rite k lor other days den
",True,0
"you can jot down things you want to remember later
",True,0
"ü dun wan to watch infernal affair
",True,0
"no de but call me after some time ill tell you k
",True,0
"oh i was thkin of goin yogasana at 10 den no nd to go at 3 den can rush to parco 4 nb okie lor u call me when ready
",True,0
"ugh fuck it im resubbing to eve
",True,0
"pass dis to all ur contacts n see wat u get redim in luv wid u blueu put a smile on my face purpleu r realy hot pinku r so swt orangei thnk i lyk u greeni realy wana go out wid u yelowi wnt u bck blackim jealous of u browni miss you nw plz giv me one color
",True,0
"good night my dear sleepwellamptake care
",True,0
"hey hunonbus goin 2 meet him he wants 2go out 4a meal but i donyt feel like it cuz have 2 get last bus homebut hes sweet latelyxxx
",True,0
"you are sweet as well princess please tell me your likes and dislikes in bed
",True,0
"no im not i cant give you everything you want and need you actually could do better for yourself on yor ownyouve got more money than i do i cant get work i cant get a man i cant pay the rent i cant even fill my fucking gas tank yes im stressed and depressed i didnt even call home for thanksgiving cuz ill have to tell them im up to nothing
",True,0
"im done
",True,0
"audrie lousy autocorrect
",True,0
"hmmm  and imagine after youve come home from that having to rub my feet make me dinner and help me get ready for my date  are you sure your ready for that kind of life 
",True,0
"well i wasnt available as i washob nobbing with last night so they had to ask nickey platt instead of me
",True,0
"in xam hall boy asked girl tell me the starting term for dis answer i can den manage on my own after lot of hesitation n lookin around silently she said the intha ponnungale ipaditan
",True,0
"tessypls do me a favor pls convey my birthday wishes to nimyapls dnt forget it today is her birthday shijas
",True,0
"spoke with uncle john today he strongly feels that you need to sacrifice to keep me here hes going to call you when he does i beg you to just listen dont make any promises or make it clear things are not easy and i need you to please let us work things out as long as i keep expecting help my creativity will be stifled so pls just keep him happy no promises on your part
",True,0
"k still are you loving me
",True,0
"you stayin out of trouble strangersaw dave the other day hes sorted nowstill with me bloke when u gona get a girl mrur mum still thinks we will get 2getha 
",True,0
"the tables occupied im waiting by the tree
",True,0
"what year and how many miles
",True,0
"is she replying has boye changed his phone number
",True,0
"thank you and by the way i just lost
",True,0
"yavnt tried yet and never played original either
",True,0
"oh k why you got job then whats up
",True,0
"ps u no ur a grown up now right
",True,0
"oh god im gonna google nearby cliffs now
",True,0
"i called but no one pick up e phone i ask both of them already they said ok
",True,0
"im in a movie call me 4 wat
",True,0
"soon you will have the real thing princess do i make you wet 
",True,0
"just wanted to say holy shit you guys werent kidding about this bud
",True,0
"prabhaim sorydarealyfrm heart im sory
",True,0
"i notice you like looking in the shit mirror youre turning into a right freak
",True,0
"oh kkwhere did you take test
",True,0
"nothing just getting msgs by dis name wit different nos
",True,0
"give her something to drink if she takes it and doesnt vomit then you her temp might drop if she unmits however let me know
",True,0
"nope wif my sis lor aft bathing my dog then i can bathe looks like its going 2 rain soon
",True,0
"i am getting threats from your sales executive shifad as i raised complaint against him its an official message
",True,0
"i just lov this line hurt me with the truth i dont mindi wil toleratbcs ur my someone but never comfort me with a lie gud ni8 and sweet dreams
",True,0
"did you show him and wot did he say or could u not c him 4 dust
",True,0
"haha i think i did too
",True,0
"think i could stop by in like an hour or so my roommates looking to stock up for a trip
",True,0
"sorry ill call later in meeting
",True,0
"velly good yes please
",True,0
"hey there babe how u doin wot u up 2 2nite love annie x
",True,0
"draw vai dont think so
",True,0
"should i tell my friend not to come round til like  ltgt ish
",True,0
"so what do you guys do
",True,0
"on the way to office da
",True,0
"sorry dude dont know how i forgot even after dan reminded me sorry hope you guys had fun
",True,0
"am surfing online store for offers do you want to buy any thing
",True,0
"do you like italian food
",True,0
"cheers for the message zogtorius ive been staring at my phone for an age deciding whether to text or not
",True,0
"hi this is yijue can i meet u at 11 tmr
",True,0
"you will be in the place of that man
",True,0
"okay same with me well thanks for the clarification
",True,0
"ok then no need to tell me anything i am going to sleep good night
",True,0
"that day ü say ü cut ur hair at paragon is it called hair sense do ü noe how much is a hair cut 
",True,0
"im on my way home went to change batt 4 my watch then go shop a bit lor
",True,0
"i will reach before ten morning
",True,0
"wiskey brandy rum gin beer vodka scotch shampain wine kudiyarasu dhina vaazhthukkal 
",True,0
"okey doke im at home but not dressed cos laying around ill speak to you later bout times and stuff 
",True,0
"yo yo yo byatch whassup
",True,0
"please give it 2  or i will pick it up on tuesday evening about 8 if that is ok
",True,0
"aww thats the first time u said u missed me without asking if i missed u first you do love me 
",True,0
"huh means computational science y they like dat one push here n there
",True,0
"err cud do im going to  at 8pm i havent got a way to contact him until then
",True,0
"do you think i can move  ltgt  in a week
",True,0
"indians r poor but india is not a poor country says one of the swiss bank directors he says that  ltgt  lac crore of indian money is deposited in swiss banks which can be used for taxless budget for  ltgt  yrs can give  ltgt  crore jobs to all indians from any village to delhi 4 lane roads forever free power suply to more than  ltgt  social projects every citizen can get monthly  ltgt  for  ltgt  yrs no need of world bank amp imf loan think how our money is blocked by rich politicians we have full rights against corrupt politicians itna forward karo ki pura india padhegm
",True,0
"rightio 1148 it is then well arent we all up bright and early this morning
",True,0
"yes but i dont care i need you bad princess
",True,0
"then she dun believe wat
",True,0
"left dessert u wan me 2 go suntec look 4 u
",True,0
"nope meanwhile she talk say make i greet you
",True,0
"they will pick up and drop in carso no problem
",True,0
" am on my way
",True,0
"mm i am on the way to railway
",True,0
"pansy youve been living in a jungle for two years its my driving you should be more worried about
",True,0
"k ill drinkpa then what doing i need srs model pls send it to my mail id pa
",True,0
"no drama plsi have had enough from you and family while i am struggling in the hot sun in a strange placeno reason why there should be an ego of not going if not invited when actually its necessity to gowait for very serious reppurcussions
",True,0
"i know where the  ltgt  is ill be there around 5
",True,0
"fwiw the reason im only around when its time to smoke is that because of gas i can only afford to be around when someone tells me to be and that apparently only happens when somebody wants to light up
",True,0
"ok
",True,0
"ok ill send you with in  ltdecimalgt  ok
",True,0
"ok i only ask abt e movie u wan ktv oso
",True,0
"say this slowly godi love you amp i need youclean my heart with your bloodsend this to ten special people amp u c miracle tomorrow do itplspls do it
",True,0
"so the sun is anti sleep medicine
",True,0
"can you pls pls send me a mail on all you know about relatives coming to deliver here all you know about costs risks benefits and anything else thanks
",True,0
"they said if its gonna snow it will start around 8 or 9 pm tonite they are predicting an inch of accumulation
",True,0
"so are you guys asking that i get that slippers again or its gone with last year
",True,0
"im done c ü there
",True,0
"some friends want me to drive em someplace probably take a while
",True,0
"kkim also finewhen will you complete the course
",True,0
"hey for me there is no leave on friday wait i will ask my superior and tell you
",True,0
"now thats going to ruin your thesis
",True,0
"yup im elaborating on the safety aspects and some other issues
",True,0
"aight see you in a bit
",True,0
"tmr timin still da same wat cos i got lesson until 6
",True,0
"gosh that  what a pain spose i better come then
",True,0
"you call times job today ok umma and ask them to speed up
",True,0
"awesome text me when youre restocked
",True,0
"2marrow only wed at  ltgt  to 2 aha
",True,0
"lol nah wasnt too bad thanks its good to b home but its been quite a reality check hows ur day been did u do anything with website
",True,0
"i know im lacking on most of this particular dramastorms details but for the most part im not worried about that
",True,0
"thats what i love to hear v see you sundayish then
",True,0
"am in gobi arts college
",True,0
"my friends use to call the same
",True,0
"you might want to pull out more just in case and just plan on not spending it if you can i dont have much confidence in derek and taylors money management
",True,0
"its sarcasm nt scarcasim
",True,0
"ok
",True,0
" was a nice day and impressively i was sensible went home early and now feel fine or am i just boring whens yours i cant remember
",True,0
"good afternoon my boytoy  how are you feeling today  better i hope are you being my good boy are you my obedient slave do you please your queen
",True,0
"was playng 9 doors game and gt racing on phone lol
",True,0
"yupz ive oredi booked slots 4 my weekends liao 
",True,0
"hey tmr meet at bugis 930 
",True,0
"can you use foreign stamps for whatever you send them off for 
",True,0
"yup no more already thanx 4 printing n handing it up
",True,0
"wen ur lovable bcums angry wid u dnt take it seriously coz being angry is d most childish n true way of showing deep affection care n luv kettoda manda have nice day da
",True,0
"housemaid is the murderer coz the man was murdered on  ltgt th january as public holiday all govtinstituitions are closedincluding post officeunderstand
",True,0
"its justbeen overa week since we broke up and already our brains are going to mush
",True,0
"whatsup there dont u want to sleep
",True,0
"can you do a mag meeting this avo at some point
",True,0
"are you this much buzy
",True,0
"r ü going 4 todays meeting
",True,0
"ok but tell me half an hr b4 u come i need 2 prepare
",True,0
"we r outside already
",True,0
"i dont thnk its a wrong calling between us
",True,0
" and  picking them up from various points
",True,0
"still in customer place
",True,0
"well i might not come then
",True,0
"k wat s tht incident
",True,0
"when you are big god will bring success
",True,0
"how will i creep on you now 
",True,0
"housemaid is the murderer coz the man was murdered on  ltgt th january as public holiday all govtinstituitions are closedincluding post office
",True,0
"can a not
",True,0
"say this slowly godi love you amp i need youclean my heart with your bloodsend this to ten special people amp u c miracle tomorrow do itplspls do it
",True,0
"thk some of em find wtc too far weiyi not goin e rest i dunno yet r ur goin 4 dinner den i might b able to join
",True,0
"ok lor
",True,0
"its normally hot mail com you see
",True,0
"were trying to find a chinese food place around here
",True,0
"tunji hows the queen how are you doing this is just wishing you a great day abiola
",True,0
"shes fine good to hear from you how are you my dear happy new year oh
",True,0
"your gonna be the death if me im gonna leave a note that says its all robs fault avenge me
",True,0
"i want to be there so i can kiss you and feel you next to me
",True,0
"smith waste dai wanna gayle
",True,0
"see you there 
",True,0
"twenty past five he said will this train have been to durham already or not coz i am in a reserved seat
",True,0
"cbe is really good nowadayslot of shop and showroomscity is shaping good
",True,0
"my battery is low babe
",True,0
"kkyesterday i was in cbe 
",True,0
"come aftr  ltdecimalgt now i m cleaning the house
",True,0
"helloooo wake up sweet morning welcomes you enjoy this day with full of joy gud mrng
",True,0
"you didnt have to tell me thatnow im thinking plus hes going to stop all your runs
",True,0
"thanks chikku gud nyt
",True,0
"fine am simply sitting
",True,0
"anything
",True,0
"yo do you know anyone  ltgt  or otherwise able to buy liquor our guy flaked and right now if we dont get a hold of somebody its just 4 loko all night
",True,0
"hey ive booked the pilates and yoga lesson already haha
",True,0
"hey babe sorry i didnt get sooner gary can come and fix it cause he thinks he knows what it is but he doesnt go as far a ptbo and he says it will cost  ltgt  bucks i dont know if it might be cheaper to find someone there  we dont have any second hand machines at all right now let me know what you want to do babe
",True,0
"where are you  you said you would be here when i woke  
",True,0
"yes there were many sweets
",True,0
"nonenowhere ikno doesdiscountshitinnit
",True,0
"mostly sports typelyk footblcrckt
",True,0
"happy new year princess
",True,0
"yar lor keep raining non stop or u wan 2 go elsewhere
",True,0
"he said that he had a right giggle when he saw u again you would possibly be the first person2die from nvq but think how much you could for 
",True,0
"ki didt see youkwhere are you now
",True,0
"don knowhe is watching film in computer
",True,0
"i will see in half an hour
",True,0
"hm good morning headache anyone 
",True,0
"one of the joys in lifeis waking up each daywith thoughts that somewheresomeone cares enough tosend a warm morning greeting 
",True,0
"how dare you change my ring
",True,0
"you still at the game
",True,0
"jokin only lar  depends on which phone my father can get lor
",True,0
"cos darren say ü considering mah so i ask ü
",True,0
"slaaaaave  where are you  must i summon you to me all the time now  dont you wish to come to me on your own anymore
",True,0
"ok not much to do here though hm friday cant wait dunno wot the hell im gonna do for another 3 weeks become a slob oh wait already done that 
",True,0
"please leave this topicsorry for telling that
",True,0
"dear all as we know  ltgt th is the  ltgt th birthday of our loving gopalettan we are planning to give a small gift on that day those who like to participate in that you are welcome please contact our admin team for more details
",True,0
"sounds good keep me posted
",True,0
"apart from the one i told you about yesterday
",True,0
"mum hope you are having a great day hoping this text meets you well and full of life have a great day abiola
",True,0
"have a great trip to india and bring the light to everyone not just with the project but with everyone that is lucky to see you smile bye abiola
",True,0
"i wish that i was with you holding you tightly making you see how important you are how much you mean to me  how much i need you  in my life 
",True,0
"dear take care i am just reaching homelove u a lot
",True,0
"yo you at jp and hungry like a mofo
",True,0
"even if he my friend he is a priest call him now
",True,0
"hi happy new year i dont mean to intrude but can you pls let me know how much tuition you paid last semester and how much this semester is thanks
",True,0
"wat time liao where still got
",True,0
"r u saying i should re order the slippers cos i had to pay for returning it
",True,0
"my uncles in atlanta wish you guys a great semester
",True,0
"ok but i finish at 6
",True,0
"can you let me know details of fri when u find out cos im not in tom or fri mentionned chinese thanks
",True,0
"not planned yet going to join company on jan 5 onlydon know what will happen after that
",True,0
"oh thats late well have a good night and i will give u a call tomorrow iam now going to go to sleep night night
",True,0
"i tagged my friends that you seemed to count as your friends
",True,0
"are you up for the challenge i know i am 
",True,0
"cheers for the card  is it that time of year already
",True,0
"still otside leu come 2morrow maga
",True,0
"k k  then watch some films
",True,0
"dunno i juz askin cos i got a card got 20 off 4 a salon called hair sense so i tot its da one ü cut ur hair 
",True,0
"x2  ltgt  are you going to get that
",True,0
"great p diddy is my neighbor and comes for toothpaste every morning
",True,0
"just curious because my cuz asked what i was up to
",True,0
"oh yes ive just been a little under the weather so ive kind of been coccooning at home
",True,0
"she said do u mind if i go into the bedroom for a minute   ok i sed in a sexy mood she came out 5 minuts latr wid a caken my wife
",True,0
"i want snow its just freezing and windy
",True,0
"hi my love how goes that day fuck this morning i woke and dropped my cell on the way down the stairs but it seems alright  phews i miss you 
",True,0
"wifehow she knew the time of murder exactly
",True,0
"yup ü not comin 
",True,0
"am okay will soon be over all the best
",True,0
"squeeeeeze this is christmas hug if u lik my frndshp den hug me back if u get 3 u r cute 6 u r luvd 9 u r so lucky none people hate u
",True,0
"sorry i cant help you on this
",True,0
"i can make lasagna for you vodka
",True,0
"im always looking for an excuse to be in the city
",True,0
"tap  spile at seven  is that pub on gas st off broad st by canal ok
",True,0
"moon has come to color your dreams stars to make them musical and my sms to give you warm and peaceful sleep good night
",True,0
"its a great day do have yourself a beautiful one
",True,0
"hey you around ive got enough for a half  the ten i owe you
",True,0
"the gas station is like a block away from my house youll drive right by it since armenia ends at swann and you have to take howard
",True,0
"beautiful tomorrow never comes when it comes its already today in the hunt of beautiful tomorrow dont waste your wonderful today goodmorning
",True,0
"stop calling everyone saying i might have cancer my throat hurts to talk i cant be answering everyones calls if i get one more call im not babysitting on monday
",True,0
"set a place for me in your heart and not in your mind as the mind easily forgets but the heart will always remember wish you happy valentines day
",True,0
"i know you are serving i mean what are you doing now
",True,0
"im freezing and craving ice fml
",True,0
"she said do u mind if i go into the bedroom for a minute   ok i sed in a sexy mood she came out 5 minuts latr wid a caken my wife
",True,0
"no we put party 7 days a week and study lightly i think we need to draw in some custom checkboxes so they know were hardcore
",True,0
"thats fine have him give me a call if he knows what he wants or has any questions
",True,0
"babe  i love you  covers your face in kisses
",True,0
"oh great ill disturb him more so that we can talk
",True,0
"oh is it which brand
",True,0
"r u sure theyll understand that wine  good idea just had a slurp
",True,0
"please attend the phone
",True,0
"sorry ill call later
",True,0
"most of the tiime when i dont let you hug me its so i dont break into tears
",True,0
" 
",True,0
"just finished missing you plenty
",True,0
"so u workin overtime nigpun
",True,0
"ok thanx
",True,0
"yeah we wouldnt leave for an hour at least hows 4 sound
",True,0
"jus chillaxin what up
",True,0
"only once then after ill obey all yours
",True,0
"uhhhhrmm isnt having tb test bad when youre sick
",True,0
"hi darlin did youphone me im athome if youwanna chat
",True,0
"sending you greetings of joy and happiness do have a gr8 evening
",True,0
"awesome how do i deal with the gate charles told me last night but uh yeah
",True,0
"mon okie lor haha best is cheap n gd food la ex oso okie depends on whether wana eat western or chinese food den which u prefer 
",True,0
"yes we were outside for like 2 hours and i called my whole family to wake them up cause it started at 1 am
",True,0
"ok ill do you right later
",True,0
"i am seeking a lady in the street and a freak in the sheets is that you
",True,0
"all day working dayexcept saturday and sunday
",True,0
" hows things just a quick question
",True,0
"be sure to check your yahoo email we sent photos yesterday
",True,0
"noi got rumour that you going to buy apartment in chennai
",True,0
"huh but i got lesson at 4 lei n i was thinkin of going to sch earlier n i tot of parkin at kent vale  
",True,0
"oh the grand is having a bit of a party but it doesnt mention any cover charge so its probably first come first served
",True,0
"free any day but i finish at 6 on mon n thurs
",True,0
"camera quite good 101mega pixels 3optical and 5digital dooms have a lovely holiday be safe and i hope you hav a good journey happy new year to you both see you in a couple of weeks 
",True,0
"staff of placement training in amrita college
",True,0
"are you willing to go for apps class
",True,0
"try neva mate
",True,0
"tyler getting an 8th has to leave not long after 9 can you get here in like an hour
",True,0
"im at home please call
",True,0
"ill get there at 3 unless you guys want me to come some time sooner
",True,0
"thank you meet you monday
",True,0
"i love you both too 
",True,0
"i had it alreadysabarish asked me to go
",True,0
"we know taj mahal as symbol of love but the other lesser known facts 1 mumtaz was shahjahans 4th wife out of his 7 wifes 2 shahjahan killed mumtazs husband to marry her 3 mumtaz died in her  ltgt th delivery 4 he then married mumtazs sister question arises where the hell is the love the great hari
",True,0
"yup leaving right now be back soon
",True,0
"they said ü dun haf passport or smth like dat or ü juz send to my email account  
",True,0
"i sent your maga that money yesterday oh
",True,0
"i am in escape theatre now  going to watch kavalan in a few minutes
",True,0
"good morning princess happy new year
",True,0
"cps is causing the outages to conserve energy
",True,0
"i have no idea where you are
",True,0
"k my roommate also wants a dubsack and another friend may also want some so plan on bringing extra ill tell you when they know for sure
",True,0
"sorry sent blank msg again yup but trying 2 do some serious studying now
",True,0
"damn poor zac doesnt stand a chance
",True,0
"meeting u is my work   tel me when shall i do my work tomorrow
",True,0
"its a big difference  ltgt  versus  ltgt  every  ltgt hrs
",True,0
"hes really into skateboarding now despite the fact that he gets thrown off of it and winds up with bandages and shit all over his arms every five minutes
",True,0
"hey babe my friend had to cancel still up for a visit 
",True,0
"probably not still going over some stuff here
",True,0
"studying but ill be free next weekend
",True,0
"what are you doing in langport sorry but ill probably be in bed by 9pm it sucks being ill at xmas when do you and go2sri lanka 
",True,0
"honey  sweetheart  darling  sexy buns  sugar plum  loverboy  i miss you boytoy  smacks your ass did you go to the gym too 
",True,0
" came to look at the flat seems ok in his 50s  is away alot wiv work got woman coming at 630 too
",True,0
"stupidits not possible
",True,0
"dad says hurry the hell up
",True,0
"you still coming tonight
",True,0
"ok im not sure what time i finish tomorrow but i wanna spend the evening with you cos that would be vewy vewy lubly love me xxx
",True,0
"ohi asked for fun hahatake care ü
",True,0
"ok very good its all about making that money
",True,0
"sorry pa i dont knw who ru pa
",True,0
"networking technical support associate
",True,0
"im in a movie collect car oredi
",True,0
"the search 4 happiness is 1 of d main sources of unhappiness accept life the way it comes u will find happiness in every moment u live
",True,0
"old orchard near univ how about you
",True,0
"we stopped to get ice cream and will go back after
",True,0
"nobody names their penis a girls name this story doesnt add up at all
",True,0
"buzz hey my love  i think of you and hope your day goes well did you sleep in  i miss you babe i long for the moment we are together againloving smile
",True,0
"yeshere tv is always available in work place
",True,0
"ki will send in  ltgt  min
",True,0
"was gr8 to see that message so when r u leaving congrats dear what school and wat r ur plans
",True,0
"ok but bag again
",True,0
"dear friends sorry for the late information today is the birthday of our loving arpraveesh for more details log on to face book and see its his number  ltgt  dont miss a delicious treat
",True,0
"wat r u doing
",True,0
"hey are you angry with me reply me dr
",True,0
"feb  ltgt  is i love u day send dis to all ur valued frnds evn me if 3 comes back ull gt married d person u luv if u ignore dis u will lose ur luv 4 evr
",True,0
"no dude its not fakemy frnds got money thts y im reffering uif u member wit my mail link u vl be credited  ltgt rs and il be getiing  ltgt rsi can draw my acc wen it is  ltgt rs
",True,0
"aight can you text me the address
",True,0
"not yet chikkuk then wat abt tht guy did he stopped irritating or msging to u
",True,0
"you are right though i cant give you the space you want and need this is really starting to become an issue i was going to suggest setting a definite move outif im still there after greece but maybe you are ready and should do it now
",True,0
"goodmorningmy grandfather expiredso am on leave today
",True,0
"ok
",True,0
"early bird any purchases yet
",True,0
"chile please its only a  ltdecimalgt  hour drive for me i come down all the time and will be subletting febapril for audition season
",True,0
"can you plz tell me the ans bslvyl sent via fullonsmscom
",True,0
"dont worry 1 day very big lambu ji vl cometil then enjoy batchlor party
",True,0
"yep i do like the pink furniture tho
",True,0
"alright were hooked up where you guys at
",True,0
"i am joining today formallypls keep prayingwill talk later
",True,0
"sorry sir i will call you tomorrow  senthilhsbc
",True,0
"short but cute be a good person but dont try to prove it gud noon
",True,0
"oktake careumma to you too
",True,0
"no thank you youve been wonderful
",True,0
"right on brah see you later
",True,0
"serious what like proper tongued her
",True,0
"ard 530 lor i ok then message ü lor
",True,0
"do 1 thing change that sentence into because i want 2 concentrate in my educational career im leaving here
",True,0
"i havent add ü yet right 
",True,0
"nooooooo im gonna be bored to death all day cable and internet outage
",True,0
"they r giving a second chance to rahul dengra
",True,0
"shes borderline but yeah whatever
",True,0
"sorry went to bed early nightnight
",True,0
"me hungry buy some food good lei but mum n yun dun wan juz buy a little bit 
",True,0
"so i could kiss and feel you next to me
",True,0
"if e timing can then i go w u lor
",True,0
"thats the trouble with classes that go well  youre due a dodgey one … expecting mine tomo see you for recovery same time same place 
",True,0
"i wish u were here i feel so alone
",True,0
"nationwide auto centre or something like that on newport road i liked them there
",True,0
"ok lor anyway i thk we cant get tickets now cos like quite late already u wan 2 go look 4 ur frens a not darren is wif them now
",True,0
"r u in this continent
",True,0
"somewhere out there beneath the pale moon light someone think in of u some where out there where dreams come true goodnite amp sweet dreams
",True,0
"forgot you were working today wanna chat but things are ok so drop me a text when youre free  bored etc and ill ring hope all is well nose essay and all xx
",True,0
"in which place i can get rooms cheap
",True,0
"u gd lor go shopping i got stuff to do u wan 2 watch infernal affairs a not come lar
",True,0
"yes princess are you going to make me moan
",True,0
"im very happy for you babe  woo hoo party on dude
",True,0
"hope you are not scared
",True,0
"yes my reg is  ciao
",True,0
"motivate behind every darkness there is a shining light waiting for you to find it behind every best friend there is always trust and love bslvyl
",True,0
"ha ha nan yalrigu heltiniiyo kothi chikku u shared many things wit meso far i didnt told any body and even uttered a word abt u if ur trusting me so much how can i tell these to others plz nxt time dont use those words to meok chikkub
",True,0
"how are you its been ages hows abj
",True,0
"ok i wont call or disturb any one i know all are avoiding me i am a burden for all
",True,0
"hey sathya till now we dint meet not even a single time then how can i saw the situation sathya
",True,0
"no no i will check all rooms befor activities
",True,0
"how are you my love  are you with your brother  time to talk english with him  grins say  hey muhommad penny says hello from across the sea
",True,0
"i aint answerin no phone at what is actually a pretty reasonable hour but im sleepy
",True,0
"i not at home now lei
",True,0
"pls send me your address sir
",True,0
"where are you  what do you do  how can you stand to be away from me  doesnt your heart ache without me  dont you wonder of me  dont you crave me 
",True,0
"hiya do u like the hlday pics looked horrible in them so took mo out hows the camp amrca thing speak soon serena
",True,0
"hey sexy buns  have i told you  i adore you loverboy i hope you remember to thank your sister in law for those meatballs grins  i love you babe
",True,0
"and by when youre done i mean now
",True,0
"have you ever had one foot before
",True,0
"beautiful truth  expression of the face could be seen by everyone but the depression of heart could be understood only by the loved ones gud ni8
",True,0
"pls help me tell sura that im expecting a battery from hont and that if should pls send me a message about how to download movies thanks
",True,0
"haf u eaten wat time u wan me 2 come
",True,0
"i felt sonot any conveying reason ese he what about me
",True,0
"are you at work right now 
",True,0
"ok but they said ive got wisdom teeth hidden inside n mayb need 2 remove
",True,0
"two teams waiting for some players
",True,0
"i just really need shit before tomorrow and i know you wont be awake before like 6
",True,0
"well the general price is  ltgt oz let me know ifwhenhow much you want
",True,0
"can not use foreign stamps in this country
",True,0
"c movie is juz last minute decision mah juz watch 2 lar but i tot ü not interested
",True,0
"i want kfc its tuesday only buy 2 meals only 2 no gravy only 2 mark 2
",True,0
"no dear i was sleeping p
",True,0
"u free on sat rite u wan 2 watch infernal affairs wif me n darren n mayb xy
",True,0
"the world suffers a lot not because of the violence of bad people but because of the silence of good people gud night
",True,0
"and several to you sir
",True,0
"life style garments account no please
",True,0
"okie
",True,0
"how much for an eighth
",True,0
"aah a cuddle would be lush id need lots of tea and soup before any kind of fumbling
",True,0
"youll never believe this but i have actually got off at taunton wow
",True,0
"sorry im stil fucked after last nite went tobed at 430 got up 4 work at 630
",True,0
"kind of just missed train cos of asthma attack nxt one in half hr so driving in not sure where to park
",True,0
"ive reached home finally
",True,0
"i pocked you up there before
",True,0
"for you information ikea is spelled with all caps that is not yelling when you thought i had left you you were sitting on the bed among the mess when i came in i said we were going after you got home from class please dont try and bullshit me it makes me want to listen to you less
",True,0
"erm woodland avenue somewhere do you get the parish magazine his telephone number will be in there
",True,0
"yo come over carlos will be here soon
",True,0
"it so happens that there r 2waxsto do wat you want she can come and ill get her medical insurance and shell be able to deliver and have basic care im currently shopping for the right medical insurance for her so just give me til friday morning thats when ill see the major person that can guide me to the right insurance
",True,0
"i cant speak bcaz mobile have problem i can listen you but you cannt listen my voice so i calls you later
",True,0
"k jason says hes gonna be around so ill be up there around  ltgt
",True,0
"that seems unnecessarily hostile
",True,0
"also tell him i said happy birthday
",True,0
"on a tuesday night r u 4 real
",True,0
"ha i wouldnt say that i just didnt read anything into way u seemed i dont like 2 be judgementali save that for fridays in the pub
",True,0
"you give us back my id proof and  ltgt  rs we wont allow you to work we will come to your home within days
",True,0
"fun fact although you would think armand would eventually build up a tolerance or some shit considering how much he smokes he gets fucked up in like 2 hits
",True,0
"night sweet sleep well ive just been to see the exorcism of emily rose and may never sleep again hugs and snogs 
",True,0
"ujhhhhhhh computer shipped out with address to sandiago and parantella lane wtf poop
",True,0
"purity of friendship between two is not about smiling after reading the forwarded messageits about smiling just by seeing the name gud evng
",True,0
"how are you just checking up on you
",True,0
"thanks honey but still havent heard anything i will leave it a bit longer so not 2 crowd him and will try later  great advice thanks hope cardiff is still there
",True,0
"do you know why god created gap between your fingers so that one who is made for you comes amp fills those gaps by holding your hand with love
",True,0
"dear  why you mood off i cant drive so i brother to drive
",True,0
"many times we lose our best ones bcoz we are 
",True,0
"awesome plan to get here any time after like  ltgt  ill text you details in a wee bit
",True,0
"sad story of a man  last week was my bday my wife didnt wish me my parents forgot n so did my kids  i went to work even my colleagues did not wish
",True,0
"when you get free call me
",True,0
"alright thanks for the advice enjoy your night out ima try to get some sleep
",True,0
"aiyar dun disturb u liao thk u have lots 2 do aft ur cupboard come
",True,0
"can u look 4 me in da lib i got stuff havent finish yet
",True,0
"i want to grasp your pretty booty 
",True,0
"come back to tampa ffffuuuuuuu
",True,0
"awesome be there in a minute
",True,0
"storming msg wen u lift d phne u say hello do u knw wt is d real meaning of hello    its d name of a girl    yes and u knw who is dat girl margaret hello she is d girlfrnd f grahmbell who invnted telphone     moralone can 4get d name of a person bt not his girlfrnd g o o d n i g h t   
",True,0
"thanks again for your reply today when is ur visa coming in and r u still buying the gucci and bags my sister things are not easy uncle john also has his own bills so i really need to think about how to make my own money later sha
",True,0
"hey u still at the gym
",True,0
"wa u so efficient gee thanx
",True,0
"i anything lor
",True,0
"true lov n care wil nevr go unrecognized though somone often makes mistakes when valuing it but they will definitly undrstnd once when they start missing it
",True,0
"call me when you get the chance plz lt3
",True,0
"lol  grins  im not babe but thanks for thinking of me
",True,0
"nvm take ur time
",True,0
"when are you guys leaving
",True,0
"sorry i missed you babe i was up late and slept in i hope you enjoy your driving lesson boytoy i miss you too  teasing kiss
",True,0
"that sucks so what do you got planned for your yo valentine i am your yo valentine arent i
",True,0
"actually i decided i was too hungry so i havent left yet v
",True,0
"hiya probably coming home  weekend after next
",True,0
"im late tellmiss im on my way
",True,0
"urgh coach hot smells of chip fat thanks again especially for the duvet not a predictive text word
",True,0
"never try alone to take the weight of a tear that comes out of ur heart and falls through ur eyes always remember a stupid friend is here to share bslvyl
",True,0
"great have a safe trip dont panic surrender all
",True,0
"gettin rdy to ship comp
",True,0
"good afternoon my boytoy how goes that walking here and there day  did you get that police abstract are you still out and about i wake and miss you babe
",True,0
"should i buy him a blackberry bold 2 or torch should i buy him new or used let me know plus are you saying i should buy the  ltgt g wifi ipad and what are you saying about the about the  ltgt g
",True,0
"omg how did u know what i ate
",True,0
"not course only maths one day one chapter with in one month we can finish
",True,0
"have you not finished work yet or something
",True,0
"yo sorry was in the shower sup
",True,0
"hi did u decide wot 2 get 4 his bday if not ill prob jus get him a voucher frm virgin or sumfing 
",True,0
"oh haha den we shld had went today too gee nvm la kaiez i dun mind goin jazz oso scared hiphop open cant catch up 
",True,0
"wat time ü finish
",True,0
"good do you think you could send me some pix i would love to see your top and bottom
",True,0
"they finally came to fix the ceiling
",True,0
"only saturday and sunday holiday so its very difficult
",True,0
"these wont do have to move on to morphine
",True,0
"of course i guess gods just got me on hold right now
",True,0
"are you planning to come chennai
",True,0
"where r e meeting tmr
",True,0
"this message is from a great doctor in india 1 do not drink appy fizz it contains cancer causing age
",True,0
"no yes please been swimming
",True,0
"im realy soz imat my mums 2nite what about 2moro 
",True,0
"im leaving my house now
",True,0
"thats cool hell be here all night lemme know when youre around
",True,0
"alright well bring it to you see you in like  ltgt  mins
",True,0
"ok no prob
",True,0
"a guy who gets used but is too dumb to realize it
",True,0
"anytime
",True,0
"wif my family booking tour package
",True,0
"thats cool princess i will cover your face in hot sticky cum 
",True,0
"k will do addie amp i are doing some art so ill be here when you get home
",True,0
"im home my love  if your still awake  loving kiss
",True,0
"ive reached already
",True,0
"oh kafter that placement there ah
",True,0
"i keep seeing weird shit and bein all woah then realising its actually reasonable and im all oh
",True,0
"orh i tot u say she now still dun believe
",True,0
"well boy am i glad g wasted all night at applebees for nothing
",True,0
"im home doc gave me pain meds says everything is fine
",True,0
"if you text on your way to cup stop that should work and that should be bus
",True,0
"hii got the money da
",True,0
"quite lor but dun tell him wait he get complacent
",True,0
"yup hey then one day on fri we can ask miwa and jiayin take leave go karaoke 
",True,0
"ü thk of wat to eat tonight
",True,0
"gd luck 4 ur exams 
",True,0
"i dont know why shes not getting your messages
",True,0
"er hello things didn‘t quite go to plan – is limping slowly home followed by aa and with exhaust hanging off
",True,0
"honey can you pls find out how much they sell predicte in nigeria and how many times can it be used its very important to have a reply before monday
",True,0
"ü no home work to do meh 
",True,0
"im good i have been thinking about you
",True,0
"yup but its not giving me problems now so mayb ill jus leave it
",True,0
"rats hey did u ever vote for the next themes
",True,0
"all boys made fun of me today ok i have no problem i just sent one message just for fun
",True,0
"missing you toopray inshah allah
",True,0
"maybe you should find something else to do instead
",True,0
"same to u
",True,0
"response is one of d powerful weapon 2 occupy a place in others heart so always give response 2 who cares 4 u gud nightswt dreamstake care
",True,0
"okey dokey swashbuckling stuff what oh
",True,0
"hi dis is yijue i would be happy to work wif ü all for gek1510
",True,0
"yeah just open chat and click friend lists then make the list easy as pie
",True,0
"for many things its an antibiotic and it can be used for chest abdomen and gynae infections even bone infections
",True,0
"sounds like there could be a lot of time spent in that chastity device boy  grins  or take your beatings like a good dog going to lounge in a nice long bath now 
",True,0
"2 and half years i missed your friendship
",True,0
"im reaching in another 2 stops
",True,0
"will do have a good day
",True,0
"we took hooch for a walk toaday and i fell over splat grazed my knees and everything should have stayed at home see you tomorrow 
",True,0
"its so common hearin how r u wat r u doing how was ur day so let me ask u something different did u smile today if not do it now gud evng
",True,0
"oh yes why is it like torture watching england
",True,0
"once free call me sir
",True,0
"no it was cancelled yeah baby well that sounds important so i understand my darlin give me a ring later on this fone love kate x
",True,0
"check maili have mailed varma and kept copy to you regarding membershiptake careinsha allah
",True,0
"hi its me you are probably having too much fun to get this message but i thought id txt u cos im bored and james has been farting at me all night
",True,0
"ahhhhjust woken uphad a bad dream about u thoso i dont like u right now  i didnt know anything about comedy night but i guess im up for it
",True,0
"a bit of ur smile is my hppnss a drop of ur tear is my sorrow a part of ur heart is my life a heart like mine wil care for u forevr as my goodfriend
",True,0
"i will cme i want to go to hos 2morow after that i wil cme this what i got from her dear what to do she didnt say any time
",True,0
"aiyo u so poor thing then u dun wan 2 eat u bathe already
",True,0
"spending new years with my brother and his family lets plan to meet next week are you ready to be spoiled 
",True,0
"dont let studying stress you out l8r
",True,0
"we made it eta at taunton is 1230 as planned hope that‘s still okday good to see you xx
",True,0
"happy new year hope you are having a good semester
",True,0
"nope since ayo travelled he has forgotten his guy
",True,0
"oh k  i will come tomorrow
",True,0
"uncle g just checking up on you do have a rewarding month
",True,0
"great how is the office today
",True,0
"where you what happen
",True,0
"ok i vldo u know i got adsense approved
",True,0
"thanks for being there for me just to talk to on saturday you are very dear to me i cherish having you as a brother and role model
",True,0
"we have sent jd for customer service cum accounts executive to ur mail id for details contact us
",True,0
"i will vote for wherever my heart guides me
",True,0
"goodnight da thangam i really miss u dear
",True,0
